{
  "token_acc":1.0,
  "token_p":1.0,
  "token_r":1.0,
  "token_f":1.0,
  "ents_p":0.9724165029,
  "ents_r":0.9727987421,
  "ents_f":0.972607585,
  "ents_per_type":{
    "furnizor":{
      "p":0.9961933765,
      "r":0.999618029,
      "f":0.9979027645
    },
    "client":{
      "p":0.9831149194,
      "r":0.9826196474,
      "f":0.982867221
    },
    "pod":{
      "p":0.9870013447,
      "r":0.9905533063,
      "f":0.9887741356
    },
    "contor":{
      "p":0.9785876993,
      "r":0.9857732905,
      "f":0.9821673525
    },
    "adresa":{
      "p":0.8838028169,
      "r":0.8705202312,
      "f":0.8771112405
    }
  },
  "speed":35480.0867829185
}