{
  "lang":"ro",
  "name":"pipeline",
  "version":"0.0.0",
  "spacy_version":">=3.2.4,<3.3.0",
  "description":"",
  "author":"",
  "email":"",
  "url":"",
  "license":"",
  "spacy_git_version":"b50fe5ec6",
  "vectors":{
    "width":0,
    "vectors":0,
    "keys":0,
    "name":null,
    "mode":"default"
  },
  "labels":{
    "tok2vec":[

    ],
    "ner":[
      "adresa",
      "client",
      "contor",
      "furnizor",
      "pod"
    ]
  },
  "pipeline":[
    "tok2vec",
    "ner"
  ],
  "components":[
    "tok2vec",
    "ner"
  ],
  "disabled":[

  ],
  "performance":{
    "ents_f":0.9678622441,
    "ents_p":0.9770105735,
    "ents_r":0.9588836478,
    "ents_per_type":{
      "client":{
        "p":0.9881163085,
        "r":0.9843828715,
        "f":0.9862460568
      },
      "furnizor":{
        "p":0.9991718427,
        "r":0.9216959511,
        "f":0.9588714484
      },
      "adresa":{
        "p":0.8848797251,
        "r":0.8930635838,
        "f":0.8889528193
      },
      "pod":{
        "p":0.9932371506,
        "r":0.9910031489,
        "f":0.9921188921
      },
      "contor":{
        "p":0.9897674419,
        "r":0.9765947682,
        "f":0.9831369831
      }
    },
    "tok2vec_loss":346.5228053186,
    "ner_loss":66.0772739748
  }
}