{
  "lang":"ro",
  "name":"pipeline",
  "version":"0.0.0",
  "spacy_version":">=3.2.4,<3.3.0",
  "description":"",
  "author":"",
  "email":"",
  "url":"",
  "license":"",
  "spacy_git_version":"b50fe5ec6",
  "vectors":{
    "width":0,
    "vectors":0,
    "keys":0,
    "name":null,
    "mode":"default"
  },
  "labels":{
    "tok2vec":[

    ],
    "ner":[
      "adresa",
      "client",
      "contor",
      "furnizor",
      "pod"
    ]
  },
  "pipeline":[
    "tok2vec",
    "ner"
  ],
  "components":[
    "tok2vec",
    "ner"
  ],
  "disabled":[

  ],
  "performance":{
    "ents_f":0.972607585,
    "ents_p":0.9724165029,
    "ents_r":0.9727987421,
    "ents_per_type":{
      "furnizor":{
        "p":0.9961933765,
        "r":0.999618029,
        "f":0.9979027645
      },
      "client":{
        "p":0.9831149194,
        "r":0.9826196474,
        "f":0.982867221
      },
      "pod":{
        "p":0.9870013447,
        "r":0.9905533063,
        "f":0.9887741356
      },
      "contor":{
        "p":0.9785876993,
        "r":0.9857732905,
        "f":0.9821673525
      },
      "adresa":{
        "p":0.8838028169,
        "r":0.8705202312,
        "f":0.8771112405
      }
    },
    "tok2vec_loss":630.5587112471,
    "ner_loss":80.5435941893
  }
}